{
  "project_info": {
    "project_number": "533060568503",
    "project_id": "tp1-kotlin",
    "storage_bucket": "tp1-kotlin.appspot.com"
  },
  "client": [
    {
      "client_info": {
        "mobilesdk_app_id": "1:533060568503:android:1e97596908b61647cc9432",
        "android_client_info": {
          "package_name": "com.example.tp1_kotlin"
        }
      },
      "oauth_client": [
        {
          "client_id": "533060568503-kutjk8fmbill52du50ej4k5fdubplrbt.apps.googleusercontent.com",
          "client_type": 3
        }
      ],
      "api_key": [
        {
          "current_key": "AIzaSyA8xvRofrXjILqzPAT5WWxNdpCOGXHMxwU"
        }
      ],
      "services": {
        "appinvite_service": {
          "other_platform_oauth_client": [
            {
              "client_id": "533060568503-kutjk8fmbill52du50ej4k5fdubplrbt.apps.googleusercontent.com",
              "client_type": 3
            }
          ]
        }
      }
    },
    {
      "client_info": {
        "mobilesdk_app_id": "1:533060568503:android:5a889354bfd5224dcc9432",
        "android_client_info": {
          "package_name": "com.natanborges.minhalistafilmes"
        }
      },
      "oauth_client": [
        {
          "client_id": "533060568503-kutjk8fmbill52du50ej4k5fdubplrbt.apps.googleusercontent.com",
          "client_type": 3
        }
      ],
      "api_key": [
        {
          "current_key": "AIzaSyA8xvRofrXjILqzPAT5WWxNdpCOGXHMxwU"
        }
      ],
      "services": {
        "appinvite_service": {
          "other_platform_oauth_client": [
            {
              "client_id": "533060568503-kutjk8fmbill52du50ej4k5fdubplrbt.apps.googleusercontent.com",
              "client_type": 3
            }
          ]
        }
      }
    },
    {
      "client_info": {
        "mobilesdk_app_id": "1:533060568503:android:67d33e2349976917cc9432",
        "android_client_info": {
          "package_name": "com.natanborges.minhalistafilmesfinal"
        }
      },
      "oauth_client": [
        {
          "client_id": "533060568503-kutjk8fmbill52du50ej4k5fdubplrbt.apps.googleusercontent.com",
          "client_type": 3
        }
      ],
      "api_key": [
        {
          "current_key": "AIzaSyA8xvRofrXjILqzPAT5WWxNdpCOGXHMxwU"
        }
      ],
      "services": {
        "appinvite_service": {
          "other_platform_oauth_client": [
            {
              "client_id": "533060568503-kutjk8fmbill52du50ej4k5fdubplrbt.apps.googleusercontent.com",
              "client_type": 3
            }
          ]
        }
      }
    }
  ],
  "configuration_version": "1"
}